city,date,fare,ride_id,driver_count,type
Lewisland,2018-02-27 18:56:43,36.26,6392138211408,4,Suburban
Brandonfort,2018-03-03 04:25:34,46.01,2286156952037,10,Suburban
Lewisland,2018-03-28 01:32:07,43.77,7963826965157,4,Suburban
Lewisland,2018-02-06 20:33:58,33.22,5526285388398,4,Suburban
Lewisland,2018-02-21 23:06:09,23.3,7496381116004,4,Suburban
Lewisland,2018-01-25 11:35:50,44.61,7557981038155,4,Suburban
Lewisland,2018-02-14 17:38:17,42.31,580385794188,4,Suburban
Lewisland,2018-01-28 11:38:16,35.6,9368246062437,4,Suburban
Lewisland,2018-04-08 19:51:30,35.16,5715574777818,4,Suburban
Lewisland,2018-01-25 20:46:18,32.38,8332226417129,4,Suburban
Lewisland,2018-01-30 15:08:13,32.4,5099208436594,4,Suburban
Brandonfort,2018-04-15 04:12:53,47.17,7388012906675,10,Suburban
Lewisland,2018-03-01 04:34:45,43.77,5013467166832,4,Suburban
Lewisland,2018-01-07 17:32:46,17.57,3766610355646,4,Suburban
Lewisland,2018-02-18 12:17:12,23.87,4513268292101,4,Suburban
North Richardhaven,2018-02-07 13:18:22,27.02,640776642679,1,Suburban
Lewisland,2018-01-30 14:09:33,46.7,9374525917640,4,Suburban
Brandonfort,2018-04-04 21:13:48,21.56,8108433190649,10,Suburban
New Olivia,2018-03-29 02:52:48,44.12,7724469578438,20,Suburban
North Richardhaven,2018-03-19 05:25:09,18.01,2804269420276,1,Suburban
North Richardhaven,2018-01-16 13:38:10,21.06,1764356146391,1,Suburban
North Richardhaven,2018-02-07 00:21:48,12.58,1426750547562,1,Suburban
North Richardhaven,2018-01-19 03:13:31,41.94,4578409710197,1,Suburban
North Richardhaven,2018-01-20 05:13:43,20.89,6068037606187,1,Suburban
Lewisland,2018-02-11 09:00:54,30.56,5326773625369,4,Suburban
North Richardhaven,2018-04-04 21:05:55,23.79,1145658696195,1,Suburban
North Richardhaven,2018-01-28 23:31:02,21.85,3776624333431,1,Suburban
North Richardhaven,2018-01-01 14:52:06,31.15,7188584539017,1,Suburban
North Richardhaven,2018-03-03 06:14:36,18.17,3252030700789,1,Suburban
North Richardhaven,2018-01-22 14:55:35,18.45,2627726489605,1,Suburban
North Richardhaven,2018-04-07 00:32:23,36.32,5014291527509,1,Suburban
North Richardhaven,2018-02-18 10:21:39,41.54,4267383307027,1,Suburban
Lewisland,2018-01-23 18:17:47,26.69,4360442122613,4,Suburban
North Richardhaven,2018-03-14 00:49:54,13.09,5413690173766,1,Suburban
Brandonfort,2018-01-30 01:51:47,17.5,6477215459314,10,Suburban
Josephside,2018-01-18 10:21:24,14.75,6140372981362,25,Suburban
Brandonfort,2018-04-19 05:52:21,44.24,1398339465829,10,Suburban
Josephside,2018-04-10 10:56:10,32.26,5719351601778,25,Suburban
Josephside,2018-02-03 14:48:11,43.39,7794970551992,25,Suburban
Josephside,2018-04-26 02:02:57,27.2,3027373975367,25,Suburban
Josephside,2018-02-24 03:58:18,40.92,175388145947,25,Suburban
Josephside,2018-05-02 15:30:02,21.33,6697959273414,25,Suburban
Josephside,2018-03-07 02:22:26,39.17,6540969378023,25,Suburban
Josephside,2018-04-01 03:46:48,23.73,6124496054553,25,Suburban
New Olivia,2018-02-05 19:25:58,47.15,7736815814329,20,Suburban
Josephside,2018-02-17 23:01:31,38.24,1246772113060,25,Suburban
Josephside,2018-04-02 12:23:30,49.33,482646610544,25,Suburban
Josephside,2018-02-07 20:52:57,15.98,6788916123740,25,Suburban
Josephside,2018-03-19 17:33:54,37.42,6758435927204,25,Suburban
Josephside,2018-02-22 14:39:23,16.97,1757958179553,25,Suburban
Josephside,2018-01-17 18:16:29,35.68,4973368930844,25,Suburban
Josephside,2018-04-17 05:45:42,32.72,6317907123249,25,Suburban
Josephside,2018-02-10 07:56:36,35.39,8536819929307,25,Suburban
Josephside,2018-02-28 11:07:35,41.18,2441492794912,25,Suburban
Josephside,2018-02-25 10:17:56,35.8,2851091718101,25,Suburban
Josephside,2018-04-12 14:30:09,37.37,2632691672747,25,Suburban
Brandonfort,2018-03-13 23:19:14,21.62,9839553829612,10,Suburban
Brandonfort,2018-01-10 11:10:22,40.2,9840779665113,10,Suburban
Brandonfort,2018-03-26 19:35:06,19.22,8658457339949,10,Suburban
Brandonfort,2018-05-03 02:01:05,41.62,3183134104848,10,Suburban
Brandonfort,2018-01-11 16:25:13,37.35,8701944957703,10,Suburban
Brandonfort,2018-02-06 02:32:22,35.41,5053221471789,10,Suburban
Brandonfort,2018-04-07 00:42:08,35.76,2965849159792,10,Suburban
Brandonfort,2018-03-16 20:49:24,19.23,4358700532755,10,Suburban
Brandonfort,2018-03-19 05:49:55,45.52,201086012271,10,Suburban
Brandonfort,2018-05-02 03:14:18,48.63,4443575880282,10,Suburban
Brandonfort,2018-03-22 16:17:49,38.66,4748541004175,10,Suburban
Brandonfort,2018-04-08 20:02:21,35.64,6109525300344,10,Suburban
Brandonfort,2018-01-14 12:35:27,28.02,8100258078935,10,Suburban
Josephside,2018-04-24 10:29:15,42.58,1067620076654,25,Suburban
Josephside,2018-03-18 22:55:17,35.58,5452607795035,25,Suburban
Josephside,2018-01-02 07:26:53,33.57,8530928702936,25,Suburban
Brandonfort,2018-01-02 01:41:26,49.95,1298465164057,10,Suburban
New Olivia,2018-04-17 19:11:04,30.81,1521286015117,20,Suburban
New Shannonberg,2018-05-02 21:53:54,28.99,3407814170184,20,Suburban
New Olivia,2018-03-05 22:01:35,19.21,8459793422858,20,Suburban
Victoriaport,2018-01-23 19:59:28,27.09,332810547902,16,Suburban
Victoriaport,2018-01-20 17:06:15,38.74,120114119112,16,Suburban
Victoriaport,2018-03-14 03:47:26,16.5,7106912999135,16,Suburban
Victoriaport,2018-04-02 17:12:08,12.19,6988300070777,16,Suburban
Victoriaport,2018-02-02 19:14:51,25.68,8997392253805,16,Suburban
Victoriaport,2018-04-22 12:38:49,16.31,6069171955919,16,Suburban
Victoriaport,2018-04-21 15:21:47,12.13,3313120309203,16,Suburban
Nicolechester,2018-05-05 08:45:58,15.43,8496653987287,19,Suburban
Nicolechester,2018-03-28 04:12:36,26.22,122825163859,19,Suburban
Nicolechester,2018-01-22 14:48:11,32.03,8085252242059,19,Suburban
Nicolechester,2018-04-28 17:38:09,34.87,5101938181160,19,Suburban
Nicolechester,2018-03-08 16:35:39,26.12,1533901420718,19,Suburban
Nicolechester,2018-03-08 15:28:03,31.71,5157965221973,19,Suburban
Nicolechester,2018-02-10 16:40:09,37.22,3464274464697,19,Suburban
Nicolechester,2018-01-08 19:26:40,26.16,890380708814,19,Suburban
Victoriaport,2018-02-27 17:13:14,44.91,6926633814538,16,Suburban
Victoriaport,2018-02-24 07:58:58,45.66,3821426642455,16,Suburban
Victoriaport,2018-01-26 08:07:22,23.94,4200317050989,16,Suburban
Victoriaport,2018-03-19 16:48:22,29.54,3049733980149,16,Suburban
South Teresa,2018-04-25 11:50:39,38.81,8758071332545,21,Suburban
South Teresa,2018-03-01 13:10:47,34.24,2687120018351,21,Suburban
South Teresa,2018-03-26 08:11:14,37.29,850174923540,21,Suburban
South Teresa,2018-04-19 20:01:34,34.93,9233157012652,21,Suburban
South Teresa,2018-02-24 16:51:34,48.8,8243168014348,21,Suburban
South Teresa,2018-03-25 01:20:22,17.99,7613757294696,21,Suburban
South Teresa,2018-02-12 02:44:55,33.19,757891849972,21,Suburban
Nicolechester,2018-02-04 09:41:31,49.21,4280425277638,19,Suburban
South Teresa,2018-03-12 05:26:11,23.46,844456571789,21,Suburban
South Teresa,2018-03-28 04:27:58,17.5,9665109040886,21,Suburban
South Teresa,2018-04-02 04:02:51,23.78,295848311917,21,Suburban
South Teresa,2018-02-23 04:35:04,46.02,4623132352357,21,Suburban
South Teresa,2018-01-29 12:51:02,38.47,5746182119035,21,Suburban
Victoriaport,2018-01-29 04:04:14,35.5,2186096734505,16,Suburban
Victoriaport,2018-02-06 16:28:16,45.86,6844387386722,16,Suburban
Victoriaport,2018-01-15 19:03:42,14.87,8298839690598,16,Suburban
South Teresa,2018-04-19 07:57:59,17.27,6681698470401,21,Suburban
Nicolechester,2018-01-12 22:48:48,30.79,9523378945731,19,Suburban
Nicolechester,2018-03-14 01:22:19,47.93,4423375622633,19,Suburban
Nicolechester,2018-01-07 10:41:44,27.44,1918362930639,19,Suburban
New Shannonberg,2018-01-15 12:26:34,35.34,7445877019367,20,Suburban
New Shannonberg,2018-02-01 04:31:15,34.09,8588717292946,20,Suburban
New Shannonberg,2018-04-20 02:52:54,30.82,6829641849335,20,Suburban
New Shannonberg,2018-03-19 08:13:37,25.46,374752841670,20,Suburban
New Olivia,2018-03-27 09:35:08,34.54,4642968219429,20,Suburban
New Olivia,2018-02-05 22:03:38,35.76,5894786968785,20,Suburban
New Olivia,2018-05-07 02:49:39,15.41,4679029017700,20,Suburban
New Shannonberg,2018-05-05 05:25:56,16.77,8389782417445,20,Suburban
New Olivia,2018-04-10 23:05:53,48.31,4543213413466,20,Suburban
New Olivia,2018-02-03 08:51:22,42.89,7781146502476,20,Suburban
New Olivia,2018-03-19 00:04:50,33.43,2163784408979,20,Suburban
New Olivia,2018-02-06 20:39:59,13.03,1377412158483,20,Suburban
New Olivia,2018-01-03 09:58:50,38.31,93262977180,20,Suburban
New Olivia,2018-04-10 06:25:27,30.41,7894644277477,20,Suburban
New Olivia,2018-01-25 12:12:35,39.12,7574705283264,20,Suburban
New Olivia,2018-01-27 12:15:38,46.97,3200697398733,20,Suburban
New Olivia,2018-03-22 05:00:48,24.8,4465618249825,20,Suburban
New Olivia,2018-03-27 01:37:59,34.65,7345275995310,20,Suburban
New Shannonberg,2018-02-09 04:01:24,37.52,3107911163811,20,Suburban
New Shannonberg,2018-05-03 21:53:58,34.08,1767826635739,20,Suburban
Nicolechester,2018-05-02 19:48:56,23.06,5828377870379,19,Suburban
Nicolechester,2018-04-05 01:38:49,19.57,1109468556407,19,Suburban
Nicolechester,2018-03-04 03:06:14,27.67,1790409286394,19,Suburban
Nicolechester,2018-05-02 19:37:54,36.59,6821451074310,19,Suburban
Nicolechester,2018-03-08 19:51:14,16.35,1045798809359,19,Suburban
Nicolechester,2018-04-10 04:41:43,38.08,8122088232004,19,Suburban
Nicolechester,2018-02-09 12:26:03,40.83,85473064902,19,Suburban
New Shannonberg,2018-02-26 12:23:14,16.39,1105944917601,20,Suburban
Josephside,2018-03-03 19:43:29,17.39,1280375339328,25,Suburban
New Shannonberg,2018-04-17 20:06:46,39.47,6598931265314,20,Suburban
New Shannonberg,2018-02-12 20:27:25,15.31,9476269782536,20,Suburban
New Shannonberg,2018-05-02 11:40:37,13.08,5648104857240,20,Suburban
New Shannonberg,2018-04-20 10:09:38,46.8,591724871965,20,Suburban
New Shannonberg,2018-02-18 11:25:31,21.66,8774234743607,20,Suburban
New Shannonberg,2018-04-20 03:18:12,41.85,5509093657955,20,Suburban
New Shannonberg,2018-05-07 07:08:15,20.52,8313701567867,20,Suburban
New Shannonberg,2018-02-26 18:56:01,24.28,555903549786,20,Suburban
Josephside,2018-01-18 06:31:29,33.07,7129661940616,25,Suburban
New Raymond,2018-03-19 17:37:16,28.19,3977892106882,17,Suburban
Josephside,2018-03-30 09:45:11,44.74,5592692102803,25,Suburban
Myersshire,2018-04-15 00:07:05,32.13,6921142559673,19,Suburban
Myersshire,2018-03-25 08:26:36,18.16,2364252847065,19,Suburban
Myersshire,2018-03-15 08:22:42,15.71,2813566980895,19,Suburban
Myersshire,2018-01-26 11:16:17,49.22,1973928706653,19,Suburban
Myersshire,2018-01-02 16:59:55,33.62,6489718708394,19,Suburban
Myersshire,2018-01-25 05:27:28,35.65,3459456166162,19,Suburban
Myersshire,2018-03-26 11:33:21,28.71,2180652304041,19,Suburban
Myersshire,2018-01-06 11:43:01,22.8,499304044207,19,Suburban
Myersshire,2018-01-10 06:32:04,45.81,7014255933887,19,Suburban
Myersshire,2018-04-29 06:08:03,17.99,1127095356276,19,Suburban
Myersshire,2018-02-27 17:38:39,17.1,5706770909868,19,Suburban
Lake Omar,2018-02-20 21:56:22,33.61,2721355482706,22,Suburban
Lake Omar,2018-04-13 07:09:45,24.9,9454078998713,22,Suburban
Lake Omar,2018-05-05 23:39:30,12.45,6384097735231,22,Suburban
Lake Omar,2018-04-15 16:39:18,45.64,3815903694990,22,Suburban
Myersshire,2018-04-20 04:56:35,37.15,4253083247831,19,Suburban
Myersshire,2018-04-30 10:54:39,41.25,5293591413266,19,Suburban
Myersshire,2018-02-15 13:31:47,40.6,5023008700180,19,Suburban
Myersshire,2018-04-24 08:51:54,26.84,389314834526,19,Suburban
West Hannah,2018-02-13 09:44:34,42.61,881325632844,12,Suburban
West Hannah,2018-04-02 16:29:09,33.41,305585649546,12,Suburban
West Hannah,2018-04-23 04:56:58,47.08,6280592482307,12,Suburban
West Hannah,2018-02-17 17:21:26,12.6,2728504449542,12,Suburban
West Hannah,2018-01-27 19:15:34,22.42,3204384091594,12,Suburban
West Hannah,2018-05-05 07:51:30,36.08,1865982674514,12,Suburban
West Hannah,2018-03-25 02:14:26,40.11,4496366887151,12,Suburban
Lake Omar,2018-01-03 01:16:44,14.61,7117229626058,22,Suburban
West Hannah,2018-02-16 20:00:05,20.35,7960856155961,12,Suburban
West Hannah,2018-02-18 14:27:55,40.22,8806342152306,12,Suburban
West Hannah,2018-04-19 21:55:50,24.58,2158777299955,12,Suburban
West Hannah,2018-02-01 02:36:34,33.85,8296563108808,12,Suburban
West Hannah,2018-01-09 03:44:08,14.41,1044914110317,12,Suburban
West Hannah,2018-03-22 20:18:32,25.86,7624914034208,12,Suburban
West Hannah,2018-04-19 01:06:59,37.78,2273047151891,12,Suburban
Myersshire,2018-04-17 23:24:53,20.51,4670054095602,19,Suburban
West Hannah,2018-02-06 20:06:36,18.33,1404494168236,12,Suburban
West Hannah,2018-01-07 19:37:28,46.64,5788569454605,12,Suburban
Lake Omar,2018-04-13 23:28:53,25.61,3667785871064,22,Suburban
Lake Omar,2018-03-29 20:14:14,14.77,6602868027942,22,Suburban
Barronchester,2018-04-02 19:38:11,28.55,9112683292489,11,Suburban
Barronchester,2018-03-19 19:18:34,46.42,2887135489546,11,Suburban
Barronchester,2018-04-28 11:49:26,39.19,9917743781176,11,Suburban
Barronchester,2018-02-04 14:59:51,45.75,7216532928092,11,Suburban
Barronchester,2018-01-09 09:01:36,38.57,1246866692006,11,Suburban
Barronchester,2018-03-20 18:52:21,35.09,4842145178376,11,Suburban
Barronchester,2018-03-26 18:27:56,30.32,1775559300626,11,Suburban
Barronchester,2018-03-06 06:36:21,46.07,4553523995651,11,Suburban
Barronchester,2018-02-18 18:35:53,42.32,3493518346796,11,Suburban
Barronchester,2018-04-07 14:43:07,21.95,9355805102444,11,Suburban
Barronchester,2018-03-02 23:36:58,36.49,4031573980778,11,Suburban
Barronchester,2018-03-31 06:05:30,44.24,1252888806772,11,Suburban
Barronchester,2018-04-25 19:11:43,36.13,2660177707065,11,Suburban
Barronchester,2018-05-05 04:03:11,30.38,2281522828169,11,Suburban
Barronchester,2018-01-27 03:08:01,27.79,6653622887913,11,Suburban
Barronchester,2018-04-05 14:12:55,33.5,91435348621,11,Suburban
East Kentstad,2018-04-07 19:44:19,18.75,6575961095852,20,Suburban
East Kentstad,2018-01-22 20:43:30,35.01,8750865857333,20,Suburban
East Kentstad,2018-05-01 17:35:30,39.29,1986613861926,20,Suburban
Lake Omar,2018-03-03 13:17:20,33.97,1570556786998,22,Suburban
Lake Omar,2018-01-17 18:29:58,28.54,8212828472590,22,Suburban
Lake Omar,2018-02-26 11:53:18,12.49,4144926815389,22,Suburban
Lake Omar,2018-04-06 20:29:14,40.55,8969991191734,22,Suburban
Lake Omar,2018-03-26 05:52:39,48.26,5014086961990,22,Suburban
Lake Omar,2018-01-17 21:33:35,21.71,966911700371,22,Suburban
East Kentstad,2018-01-10 11:15:30,24.65,7201954660361,20,Suburban
Lake Omar,2018-01-17 04:55:14,35.94,8675080477848,22,Suburban
East Kentstad,2018-04-10 20:44:59,21.38,9078911188125,20,Suburban
East Kentstad,2018-04-12 15:21:04,17.26,8439534813565,20,Suburban
East Kentstad,2018-03-18 11:45:35,33.83,626555199862,20,Suburban
East Kentstad,2018-04-19 14:47:58,44.82,749759967096,20,Suburban
East Kentstad,2018-05-07 13:29:36,38.74,41356844955,20,Suburban
East Kentstad,2018-01-26 04:48:10,39.19,9309351390541,20,Suburban
East Kentstad,2018-03-24 02:53:43,31.53,1907259346172,20,Suburban
East Kentstad,2018-04-19 21:05:09,22.42,1136558207239,20,Suburban
East Kentstad,2018-03-04 21:52:28,20.83,2470074225551,20,Suburban
West Hannah,2018-03-09 11:22:47,21.44,8328600205710,12,Suburban
West Hannah,2018-02-22 23:29:54,23.36,8179599163204,12,Suburban
West Hannah,2018-02-23 11:22:24,23.5,7798764898362,12,Suburban
Lake Robertside,2018-01-13 18:22:18,28.37,5199680612896,4,Suburban
Lake Robertside,2018-03-18 08:04:49,44.21,9839854233835,4,Suburban
Lake Robertside,2018-04-30 20:45:11,22.26,202043410246,4,Suburban
Lake Robertside,2018-03-05 11:48:59,29.12,4058488101142,4,Suburban
Lake Robertside,2018-01-11 20:17:36,46.51,6574333011308,4,Suburban
New Raymond,2018-02-11 17:28:27,17.97,7551674475043,17,Suburban
New Raymond,2018-03-28 14:25:57,14.75,775062900062,17,Suburban
New Raymond,2018-02-01 04:56:29,35.6,225009743639,17,Suburban
South Teresa,2018-04-27 14:37:32,45.77,4660925605764,21,Suburban
New Raymond,2018-01-10 12:41:37,49.19,7827149020422,17,Suburban
New Raymond,2018-04-08 14:44:02,46.37,249397013068,17,Suburban
New Raymond,2018-03-07 17:57:04,26.55,6930531081077,17,Suburban
New Raymond,2018-01-07 10:02:58,28.74,4252849172271,17,Suburban
New Raymond,2018-03-06 17:11:44,15.53,6118318757913,17,Suburban
New Raymond,2018-03-17 04:31:36,18.09,5034860085230,17,Suburban
Lake Robertside,2018-04-10 03:39:14,34.14,9363510386967,4,Suburban
Lake Robertside,2018-01-23 00:24:51,46.83,3574535047962,4,Suburban
Lake Robertside,2018-02-05 03:17:09,21.45,3670276742040,4,Suburban
Lake Robertside,2018-04-01 03:17:42,28.07,1677403080435,4,Suburban
Lake Robertside,2018-04-03 03:27:45,12.76,1301757653884,4,Suburban
Lake Robertside,2018-02-12 09:45:02,20.03,9626340588797,4,Suburban
Lake Robertside,2018-02-16 07:14:19,47.31,6267383613454,4,Suburban
Lake Robertside,2018-04-07 06:35:19,46.5,5127948881753,4,Suburban
Lake Robertside,2018-04-27 06:20:30,28.29,9595531359907,4,Suburban
Lake Robertside,2018-01-13 04:32:34,44.66,1757337269943,4,Suburban
Lake Robertside,2018-01-25 21:44:01,48.81,6513320580236,4,Suburban
New Raymond,2018-05-03 08:35:40,13.36,8610489975793,17,Suburban
Lake Robertside,2018-02-10 15:11:49,20.98,7334654996000,4,Suburban
Lake Robertside,2018-03-30 00:54:10,16.53,30234681362,4,Suburban
Lake Robertside,2018-02-24 06:25:27,41.57,9698934979724,4,Suburban
Lake Robertside,2018-03-14 19:44:33,35.79,8739155644976,4,Suburban
Lake Robertside,2018-03-12 06:05:13,31.23,3347928183611,4,Suburban
Lake Robertside,2018-04-02 08:53:30,21.31,4627574450527,4,Suburban
Lake Robertside,2018-01-14 19:24:50,21.46,2932610988134,4,Suburban
Lake Robertside,2018-03-27 08:12:04,29.07,2044761835165,4,Suburban
Lake Robertside,2018-01-23 00:46:21,14.29,2342891922329,4,Suburban
New Raymond,2018-02-28 07:10:27,17.09,4633367307817,17,Suburban
New Raymond,2018-03-08 17:43:57,34.45,8895706094475,17,Suburban
New Raymond,2018-01-15 12:51:37,47.01,3568107406141,17,Suburban
East Marymouth,2018-05-04 23:18:24,39.07,4459299920401,5,Suburban
East Marymouth,2018-03-06 14:00:04,35.95,5147275998894,5,Suburban
East Marymouth,2018-02-21 19:36:31,41.21,2452243356792,5,Suburban
East Marymouth,2018-04-02 01:04:22,20.0,9372931333498,5,Suburban
East Marymouth,2018-04-12 06:51:14,33.18,9393257179959,5,Suburban
East Marymouth,2018-01-27 12:18:40,43.06,6911376462689,5,Suburban
East Marymouth,2018-03-12 10:46:49,38.26,5237668148484,5,Suburban
East Marymouth,2018-05-06 22:39:31,34.12,9215802774504,5,Suburban
East Marymouth,2018-03-08 04:55:41,43.79,1703166685294,5,Suburban
East Marymouth,2018-04-03 12:18:33,26.93,3384028141202,5,Suburban
East Marymouth,2018-03-21 11:01:26,17.43,1621338088820,5,Suburban
East Marymouth,2018-04-27 05:31:31,36.11,8307460338356,5,Suburban
East Marymouth,2018-01-16 15:44:02,46.2,1181974978638,5,Suburban
East Marymouth,2018-03-29 08:36:20,37.6,6370863861570,5,Suburban
West Hannah,2018-03-02 17:06:03,13.92,7388937249208,12,Suburban
West Hannah,2018-01-21 19:54:08,41.95,16507766547,12,Suburban
East Marymouth,2018-05-01 20:10:52,13.17,9052669788424,5,Suburban
Josephside,2018-03-12 19:25:22,29.47,1697181089451,25,Suburban
East Marymouth,2018-01-11 02:12:41,12.21,56113993388,5,Suburban
East Marymouth,2018-04-04 10:59:52,23.38,8033938166342,5,Suburban
New Raymond,2018-05-01 05:16:54,14.2,1535089996030,17,Suburban
New Raymond,2018-01-02 15:38:25,45.32,8881105109599,17,Suburban
New Raymond,2018-01-05 17:58:39,22.5,7832889931082,17,Suburban
New Raymond,2018-05-03 12:23:37,48.56,9495029351539,17,Suburban
New Raymond,2018-03-18 12:07:10,36.26,3151412877753,17,Suburban
New Raymond,2018-03-21 01:45:29,22.12,6031755734913,17,Suburban
New Raymond,2018-02-25 21:40:18,20.44,5984505117874,17,Suburban
East Marymouth,2018-02-04 19:03:01,31.44,9309074843829,5,Suburban
East Marymouth,2018-02-12 23:18:53,47.41,7409660239158,5,Suburban
East Marymouth,2018-03-05 19:06:05,25.44,7451160581213,5,Suburban
East Marymouth,2018-03-22 21:54:52,14.13,6502763171569,5,Suburban
East Marymouth,2018-02-24 18:02:03,27.38,5224420391332,5,Suburban
East Marymouth,2018-04-09 01:04:45,29.03,8442867478882,5,Suburban
East Marymouth,2018-04-23 14:20:23,33.66,8238181413445,5,Suburban
East Marymouth,2018-01-19 19:28:27,29.94,388682296042,5,Suburban
East Marymouth,2018-01-23 06:04:50,24.91,5999897094429,5,Suburban
East Marymouth,2018-03-13 08:07:04,27.54,9783793502623,5,Suburban
South Teresa,2018-04-15 08:06:49,23.06,6617189687737,21,Suburban
New Raymond,2018-01-31 19:56:10,12.87,2300620387580,17,Suburban
South Teresa,2018-01-20 08:25:35,30.37,9592212724627,21,Suburban
Grayville,2018-03-05 12:31:13,14.15,3503584959643,2,Suburban
Grayville,2018-02-26 12:59:19,12.64,543831079079,2,Suburban
Grayville,2018-02-18 10:30:42,12.55,999956401477,2,Suburban
Grayville,2018-01-03 13:04:14,12.6,8663434111548,2,Suburban
Grayville,2018-04-14 21:00:30,49.85,9370121969267,2,Suburban
Grayville,2018-02-13 06:07:20,48.59,4964947903977,2,Suburban
Grayville,2018-03-14 23:10:28,25.12,3752247297947,2,Suburban
Grayville,2018-02-19 19:52:37,19.52,9233978205608,2,Suburban
Grayville,2018-04-28 11:40:49,43.22,6018910939581,2,Suburban
Grayville,2018-04-06 03:38:40,18.11,6203774514474,2,Suburban
Lake Ann,2018-05-02 06:15:27,47.44,9066125697564,3,Suburban
Lake Ann,2018-03-13 05:28:21,45.43,335807761084,3,Suburban
Lake Ann,2018-02-08 10:30:53,40.27,3079663500261,3,Suburban
Lake Ann,2018-01-10 04:20:54,18.22,2895881593219,3,Suburban
Lake Ann,2018-03-30 17:23:54,23.87,5126729976893,3,Suburban
Grayville,2018-03-20 05:36:50,35.34,3550752500152,2,Suburban
Grayville,2018-01-07 20:09:43,34.62,8238372654152,2,Suburban
Grayville,2018-01-25 10:17:54,39.35,6105114369747,2,Suburban
Grayville,2018-01-20 19:11:21,24.53,6947592015194,2,Suburban
Colemanland,2018-02-16 03:51:28,15.04,4027289544137,23,Suburban
Colemanland,2018-01-11 00:28:17,49.28,4064528886108,23,Suburban
Colemanland,2018-04-16 18:17:30,42.08,9746040332930,23,Suburban
Colemanland,2018-04-22 07:16:32,31.43,8428157821651,23,Suburban
Colemanland,2018-04-23 17:09:32,16.1,3625743778329,23,Suburban
Colemanland,2018-04-29 07:09:31,34.77,300412726001,23,Suburban
Colemanland,2018-02-26 17:44:43,32.7,7015485636913,23,Suburban
Lake Ann,2018-02-16 07:08:25,39.8,1712081170198,3,Suburban
Colemanland,2018-02-28 21:02:12,35.07,8313326364278,23,Suburban
Colemanland,2018-02-21 22:04:15,30.97,4046533498880,23,Suburban
Colemanland,2018-01-01 00:46:46,47.74,2215912677020,23,Suburban
Colemanland,2018-02-20 04:19:28,43.09,8700311126445,23,Suburban
Colemanland,2018-03-02 02:11:21,36.81,116923856607,23,Suburban
Colemanland,2018-03-05 04:33:30,13.39,8894920928658,23,Suburban
Colemanland,2018-04-20 02:52:45,20.83,2981565641427,23,Suburban
Grayville,2018-05-01 14:27:25,26.26,6822744471748,2,Suburban
Colemanland,2018-02-01 20:59:22,16.11,7600287198570,23,Suburban
Lake Ann,2018-01-24 06:29:33,32.31,2985167321961,3,Suburban
Lake Ann,2018-01-15 19:40:34,28.15,3602888331541,3,Suburban
Lake Ann,2018-05-07 20:40:29,24.89,7356790519585,3,Suburban
Williamsonville,2018-04-04 03:48:54,18.77,7554684315330,2,Suburban
Williamsonville,2018-01-14 07:33:05,40.72,7262117978716,2,Suburban
Williamsonville,2018-01-30 05:20:56,36.81,8085673645484,2,Suburban
Williamsonville,2018-02-19 07:48:32,22.23,1784159251443,2,Suburban
Williamsonville,2018-03-19 08:30:01,44.85,9120219182883,2,Suburban
Williamsonville,2018-02-12 17:54:17,26.49,8222482354071,2,Suburban
Williamsonville,2018-01-17 01:26:36,28.65,6114930962810,2,Suburban
Williamsonville,2018-05-07 19:45:40,26.11,2816731819556,2,Suburban
Williamsonville,2018-02-01 17:54:05,38.9,1247989019244,2,Suburban
Veronicaberg,2018-04-02 03:59:06,16.63,4528063518400,20,Suburban
Veronicaberg,2018-03-28 11:03:53,26.01,5590782942872,20,Suburban
Veronicaberg,2018-04-23 20:34:22,47.51,9507116448586,20,Suburban
Veronicaberg,2018-01-29 03:50:50,48.05,5232951662968,20,Suburban
Veronicaberg,2018-01-18 18:40:38,44.05,1680146549473,20,Suburban
Veronicaberg,2018-01-31 02:16:32,23.41,4299922375235,20,Suburban
Veronicaberg,2018-01-11 16:25:01,31.26,8821668131330,20,Suburban
Williamsonville,2018-01-09 23:59:36,48.73,6507706939008,2,Suburban
Colemanland,2018-02-10 03:12:51,35.76,8313085686130,23,Suburban
Williamsonville,2018-03-06 03:55:58,25.69,875560590786,2,Suburban
Williamsonville,2018-03-22 03:05:41,38.41,1339341405106,2,Suburban
Lake Ann,2018-03-06 08:49:32,13.61,1257553992293,3,Suburban
Lake Ann,2018-04-30 11:42:13,14.56,5470772614012,3,Suburban
Lake Ann,2018-02-14 17:13:40,42.13,6192401377301,3,Suburban
Lewishaven,2018-03-29 07:24:39,14.21,126282973686,23,Suburban
Lewishaven,2018-04-12 15:01:08,49.15,6411391533857,23,Suburban
Lewishaven,2018-04-27 07:18:32,18.56,4919827701525,23,Suburban
Lewishaven,2018-01-20 12:47:59,35.0,5772262690378,23,Suburban
Williamsonville,2018-04-25 17:18:29,32.93,556441887538,2,Suburban
Lewishaven,2018-02-22 14:40:05,20.35,3262613628904,23,Suburban
Lewishaven,2018-01-02 17:52:38,20.68,8843800703298,23,Suburban
Lewishaven,2018-03-02 07:48:06,33.22,810001942984,23,Suburban
Lewishaven,2018-01-15 15:04:33,22.44,9661336278580,23,Suburban
Lewishaven,2018-04-27 02:28:49,14.01,6524982895248,23,Suburban
Lewishaven,2018-04-20 03:54:49,21.23,8139519107206,23,Suburban
Lewishaven,2018-04-19 01:08:58,21.92,7108986085790,23,Suburban
Williamsonville,2018-04-28 19:35:03,16.96,9631291999264,2,Suburban
Lewishaven,2018-01-18 04:09:11,32.13,2820584591613,23,Suburban
Veronicaberg,2018-02-09 06:55:14,26.39,1332831266904,20,Suburban
Colemanland,2018-02-19 02:23:12,23.45,1224675465837,23,Suburban
Colemanland,2018-04-05 05:23:54,43.91,389097028280,23,Suburban
Davidfurt,2018-05-07 14:38:35,13.05,112651587608,23,Suburban
Davidfurt,2018-04-03 17:52:26,21.29,3934287956576,23,Suburban
Davidfurt,2018-04-18 15:43:15,47.3,8289341261260,23,Suburban
Davidfurt,2018-02-03 03:14:14,40.18,8116976277000,23,Suburban
Davidfurt,2018-02-01 04:21:21,20.44,185973569492,23,Suburban
Davidfurt,2018-02-18 07:04:48,17.06,2084060010290,23,Suburban
Davidfurt,2018-02-12 10:07:16,49.55,3639310284076,23,Suburban
Davidfurt,2018-04-27 23:52:44,45.98,5455003677202,23,Suburban
Davidfurt,2018-04-06 15:38:15,17.99,8578112173926,23,Suburban
Davidfurt,2018-02-20 01:41:29,46.67,2882130044370,23,Suburban
Davidfurt,2018-02-03 13:58:48,33.84,7159296242243,23,Suburban
Davidfurt,2018-03-15 05:02:16,48.34,2406097680527,23,Suburban
Davidfurt,2018-03-26 04:20:21,28.69,5103497014248,23,Suburban
Davidfurt,2018-01-17 17:58:27,28.28,6647857817333,23,Suburban
Davidfurt,2018-01-05 13:42:28,31.48,1953915881204,23,Suburban
Davidfurt,2018-02-05 18:23:12,27.55,6574875170013,23,Suburban
Davidfurt,2018-03-09 23:07:34,26.24,4652485631550,23,Suburban
East Danielview,2018-02-25 03:54:05,26.33,513607352842,22,Suburban
East Danielview,2018-04-19 10:36:41,28.28,149455664846,22,Suburban
South Teresa,2018-02-23 16:30:58,26.28,7865030868395,21,Suburban
East Danielview,2018-01-25 11:58:33,48.32,1831668503737,22,Suburban
East Danielview,2018-03-27 16:22:09,36.0,1410739354876,22,Suburban
East Danielview,2018-02-04 11:01:24,38.38,2528683882693,22,Suburban
East Danielview,2018-04-26 08:14:46,40.76,2970656303504,22,Suburban
East Danielview,2018-03-04 04:10:30,17.89,7640214407429,22,Suburban
East Danielview,2018-04-16 21:06:59,42.94,7303786315799,22,Suburban
Mezachester,2018-04-19 19:05:10,29.12,8894988518709,14,Suburban
East Danielview,2018-05-04 02:14:41,40.02,3640764732617,22,Suburban
East Danielview,2018-05-02 19:46:29,19.41,8119090935931,22,Suburban
East Danielview,2018-01-15 03:55:58,21.97,232480080566,22,Suburban
East Danielview,2018-02-19 04:44:18,31.72,7452531647866,22,Suburban
East Danielview,2018-02-28 20:26:11,42.71,2322328798079,22,Suburban
East Danielview,2018-05-03 18:09:16,48.24,3328095712316,22,Suburban
East Danielview,2018-03-02 02:47:45,14.32,2106097871214,22,Suburban
East Danielview,2018-04-07 06:31:28,18.98,6294116769232,22,Suburban
East Danielview,2018-02-14 20:03:27,20.26,7527862127131,22,Suburban
Mezachester,2018-01-15 04:53:21,16.6,3356054696964,14,Suburban
Mezachester,2018-05-07 15:34:59,44.87,6587866363080,14,Suburban
Mezachester,2018-04-14 02:15:14,15.17,8116011135739,14,Suburban
West Kimmouth,2018-01-09 19:41:26,19.77,684128720530,4,Suburban
West Kimmouth,2018-03-29 04:50:41,34.84,1769610001423,4,Suburban
West Kimmouth,2018-03-09 02:23:55,35.3,5038857869032,4,Suburban
West Kimmouth,2018-05-01 09:07:42,23.69,1246934585476,4,Suburban
West Kimmouth,2018-04-15 19:22:28,27.16,8180715539698,4,Suburban
West Kimmouth,2018-04-05 11:36:47,28.07,3866897536155,4,Suburban
West Kimmouth,2018-01-17 09:19:38,24.22,8376243116177,4,Suburban
West Kimmouth,2018-02-10 23:43:22,23.35,6120955941242,4,Suburban
West Kimmouth,2018-03-07 22:30:47,29.43,7680298524735,4,Suburban
West Kimmouth,2018-03-16 18:10:06,35.36,6758287550186,4,Suburban
West Kimmouth,2018-02-08 21:11:13,27.93,652476902663,4,Suburban
West Kimmouth,2018-01-13 20:10:45,19.47,6504880914159,4,Suburban
West Kimmouth,2018-01-04 10:24:04,20.69,1687206700447,4,Suburban
Colemanland,2018-01-10 06:49:58,27.7,8704067171414,23,Suburban
Colemanland,2018-05-04 04:24:31,12.62,4902707063158,23,Suburban
Colemanland,2018-01-19 15:24:42,24.4,6652560250346,23,Suburban
West Kimmouth,2018-02-06 00:42:46,13.59,8837906500110,4,Suburban
Colemanland,2018-01-22 10:21:39,46.43,3162069407712,23,Suburban
West Kimmouth,2018-03-24 21:04:18,49.96,5947895540295,4,Suburban
West Kimmouth,2018-04-29 02:04:02,31.59,8390234821673,4,Suburban
Mezachester,2018-02-17 13:16:12,34.17,1421347299190,14,Suburban
Mezachester,2018-04-19 09:25:56,17.51,1734496517986,14,Suburban
Mezachester,2018-02-13 09:16:55,38.55,8133381670844,14,Suburban
Mezachester,2018-01-02 16:22:46,47.07,8988357017471,14,Suburban
Mezachester,2018-01-13 15:21:33,23.83,5270848768904,14,Suburban
Mezachester,2018-02-16 17:34:31,29.25,9835001920405,14,Suburban
Mezachester,2018-04-01 00:02:26,24.4,8959520517319,14,Suburban
West Kimmouth,2018-02-02 19:04:15,36.71,6548125907667,4,Suburban
Mezachester,2018-04-29 16:20:21,28.43,7285299006053,14,Suburban
Mezachester,2018-04-26 03:30:47,30.75,3181640027590,14,Suburban
Mezachester,2018-03-18 02:32:55,40.81,9431152912582,14,Suburban
Mezachester,2018-01-22 00:59:29,40.67,1956901251838,14,Suburban
Mezachester,2018-03-25 12:57:21,21.89,2294831365065,14,Suburban
West Kimmouth,2018-03-13 14:50:48,18.72,9388333400065,4,Suburban
West Kimmouth,2018-03-05 22:04:15,48.2,321833677,4,Suburban
West Kimmouth,2018-02-18 11:53:43,49.38,1631556717891,4,Suburban
Mezachester,2018-01-06 02:08:30,39.83,8422380883301,14,Suburban
Veronicaberg,2018-05-07 13:31:26,42.48,3342191575545,20,Suburban
Josephside,2018-02-07 06:56:45,31.94,3185694946333,25,Suburban
Veronicaberg,2018-01-20 05:00:30,22.02,4110343882549,20,Suburban
North Jeffrey,2018-01-23 23:42:43,27.11,6332047993934,11,Suburban
North Jeffrey,2018-02-28 05:55:43,46.4,7546967271839,11,Suburban
North Jeffrey,2018-03-07 02:57:25,29.34,2592274379299,11,Suburban
North Jeffrey,2018-02-28 08:46:35,31.14,6795697365566,11,Suburban
North Jeffrey,2018-02-04 22:35:11,29.87,7909567053548,11,Suburban
Lake Scott,2018-01-11 00:04:46,23.44,8557671784736,23,Suburban
Lake Scott,2018-02-22 06:26:20,37.51,2591847562779,23,Suburban
Lake Scott,2018-02-02 14:18:01,17.55,3947371887816,23,Suburban
Lake Scott,2018-02-02 05:37:58,26.45,1380579812273,23,Suburban
Lake Scott,2018-03-16 18:07:57,20.1,5406585974241,23,Suburban
Lake Scott,2018-02-18 11:38:56,47.37,2725683739303,23,Suburban
Lake Scott,2018-01-24 08:27:55,23.8,8229383253021,23,Suburban
Lake Scott,2018-05-02 19:14:47,35.54,8218974324882,23,Suburban
Lake Scott,2018-05-05 05:58:08,18.48,7988533791936,23,Suburban
Lake Scott,2018-03-16 23:48:07,28.99,6200936237127,23,Suburban
North Jeffrey,2018-04-09 20:40:38,21.2,8490756943935,11,Suburban
North Jeffrey,2018-01-14 08:29:25,25.02,4718961352354,11,Suburban
North Jeffrey,2018-02-18 20:41:01,35.03,4480695976433,11,Suburban
North Jeffrey,2018-01-10 19:17:37,33.85,8089408327447,11,Suburban
Rodriguezview,2018-04-22 20:56:25,44.68,1139538927721,20,Suburban
Rodriguezview,2018-02-19 08:21:56,42.1,4263534958353,20,Suburban
Rodriguezview,2018-01-12 02:10:45,26.41,899333938858,20,Suburban
Rodriguezview,2018-04-28 00:56:58,26.61,4839793590773,20,Suburban
Rodriguezview,2018-04-24 08:08:13,18.22,6271333214592,20,Suburban
Rodriguezview,2018-05-05 20:48:58,25.19,5106535806645,20,Suburban
Rodriguezview,2018-05-01 09:45:32,26.92,1693857376580,20,Suburban
Lake Scott,2018-01-24 19:21:15,47.83,6812435792979,23,Suburban
Rodriguezview,2018-01-09 11:55:20,29.19,38504866921,20,Suburban
Rodriguezview,2018-02-17 14:10:00,22.76,2750365542698,20,Suburban
Rodriguezview,2018-04-20 00:03:07,23.58,3289957353125,20,Suburban
Rodriguezview,2018-03-27 19:44:37,49.65,8748957571328,20,Suburban
North Jeffrey,2018-04-27 10:17:26,20.41,903066642569,11,Suburban
North Jeffrey,2018-02-21 12:56:58,22.96,6853853007740,11,Suburban
North Jeffrey,2018-03-19 06:00:46,31.16,2458737372712,11,Suburban
North Jeffrey,2018-02-16 19:18:44,26.66,7469051494160,11,Suburban
Rodriguezview,2018-02-15 10:47:34,45.4,520468701702,20,Suburban
Rodriguezview,2018-04-07 03:41:34,13.71,4666115197316,20,Suburban
Lake Scott,2018-02-18 01:12:45,38.47,1402633823343,23,Suburban
Lake Scott,2018-01-03 17:02:29,47.97,8024881377404,23,Suburban
Bethanyland,2018-04-01 22:04:35,38.71,8221076873967,22,Suburban
East Aaronbury,2018-04-11 03:24:14,34.4,6540905865488,7,Suburban
East Aaronbury,2018-04-04 06:02:51,16.9,7217036357951,7,Suburban
East Aaronbury,2018-01-10 08:33:56,23.02,9265418287929,7,Suburban
East Aaronbury,2018-02-24 16:37:18,36.88,9777191359026,7,Suburban
East Aaronbury,2018-04-08 18:59:12,21.29,630560959632,7,Suburban
East Aaronbury,2018-04-19 17:18:53,29.27,7201712919915,7,Suburban
East Aaronbury,2018-01-27 09:53:22,28.56,5981083119511,7,Suburban
East Aaronbury,2018-03-16 11:15:13,20.59,6153017911679,7,Suburban
East Aaronbury,2018-03-19 10:43:53,20.04,4117474421029,7,Suburban
South Teresa,2018-03-09 09:54:33,25.08,8136313906059,21,Suburban
South Teresa,2018-03-05 19:18:37,32.29,4981692995989,21,Suburban
South Teresa,2018-02-11 15:07:10,28.64,321467917473,21,Suburban
South Teresa,2018-03-08 05:29:57,42.68,6551180794639,21,Suburban
South Teresa,2018-01-13 15:30:59,20.93,6769227645725,21,Suburban
Bethanyland,2018-03-15 19:42:56,37.09,6243188816016,22,Suburban
Bethanyland,2018-02-11 17:43:43,23.06,4374740778403,22,Suburban
Bethanyland,2018-05-03 04:50:41,40.85,6700635166631,22,Suburban
Bethanyland,2018-03-26 18:27:51,24.27,7247229698318,22,Suburban
Lake Scott,2018-05-07 12:33:26,21.72,7626061808220,23,Suburban
Lake Scott,2018-03-26 08:40:45,26.24,1980313728671,23,Suburban
Lake Scott,2018-04-29 22:08:22,25.75,4959514979080,23,Suburban
Lake Scott,2018-01-10 11:08:48,37.96,8130669690525,23,Suburban
Bethanyland,2018-04-02 04:29:09,34.38,1783847934910,22,Suburban
Bethanyland,2018-03-06 10:01:58,13.86,8571759718178,22,Suburban
Bethanyland,2018-03-15 13:10:56,39.66,9766441752274,22,Suburban
Lake Scott,2018-01-30 02:27:30,48.78,1362375316483,23,Suburban
Bethanyland,2018-03-14 09:47:00,44.31,578529678609,22,Suburban
Bethanyland,2018-04-17 22:37:19,28.68,3150943404490,22,Suburban
Bethanyland,2018-04-30 19:49:17,27.99,9682191340144,22,Suburban
Bethanyland,2018-01-25 01:04:58,41.85,5327294613811,22,Suburban
Bethanyland,2018-03-17 20:29:08,44.81,4173232788582,22,Suburban
Bethanyland,2018-02-08 19:50:47,28.27,5518527619513,22,Suburban
Bethanyland,2018-02-03 05:47:32,22.82,9675694931759,22,Suburban
Bethanyland,2018-02-18 09:31:03,38.8,9382233946258,22,Suburban
Bethanyland,2018-03-23 21:53:17,40.07,635880709905,22,Suburban
Rodriguezview,2018-02-14 01:59:34,30.39,9180465878718,20,Suburban
Bethanyland,2018-01-28 08:33:08,23.73,4132453263650,22,Suburban
Sotoville,2018-03-29 22:38:04,34.97,7313956062903,10,Suburban
North Timothy,2018-04-29 23:10:18,29.39,6609337294720,7,Suburban
North Timothy,2018-04-06 10:06:34,38.39,4781274767887,7,Suburban
Port Shane,2018-04-03 22:33:51,15.59,127445516863,7,Suburban
Port Shane,2018-01-30 20:43:57,49.52,8262792633558,7,Suburban
Port Shane,2018-03-19 12:25:21,40.39,910341409632,7,Suburban
Port Shane,2018-03-17 00:39:06,47.75,1417424358447,7,Suburban
Port Shane,2018-04-18 00:52:13,12.05,1546787116583,7,Suburban
Port Shane,2018-03-27 11:55:03,28.8,4399576445435,7,Suburban
Port Shane,2018-02-16 03:35:52,29.99,3154243503143,7,Suburban
Port Shane,2018-03-23 09:36:42,18.58,3261384321632,7,Suburban
Port Shane,2018-02-16 17:52:27,22.81,8253619528942,7,Suburban
Port Shane,2018-01-15 18:16:14,33.95,5355618218688,7,Suburban
Port Shane,2018-04-06 11:22:21,43.21,1914497116801,7,Suburban
Port Shane,2018-01-28 15:34:02,45.7,5717972357326,7,Suburban
Port Shane,2018-04-24 10:06:18,45.92,5388908913857,7,Suburban
North Timothy,2018-04-20 07:06:27,46.24,2785446996718,7,Suburban
North Timothy,2018-01-22 02:35:12,48.45,5696833448345,7,Suburban
North Timothy,2018-01-14 16:59:57,15.06,1236752354897,7,Suburban
North Timothy,2018-01-17 20:12:17,40.87,1506044208,7,Suburban
Veronicaberg,2018-04-25 18:21:25,24.51,6528963448911,20,Suburban
Rodriguezview,2018-02-21 01:34:23,36.37,4984772129854,20,Suburban
Veronicaberg,2018-02-05 20:42:28,46.91,3271885902940,20,Suburban
Veronicaberg,2018-01-08 16:01:36,30.66,7838733367694,20,Suburban
Veronicaberg,2018-01-18 10:33:29,33.04,4341351420885,20,Suburban
Veronicaberg,2018-02-02 03:49:35,26.42,8456789960080,20,Suburban
Veronicaberg,2018-04-24 19:16:19,49.45,5877628036170,20,Suburban
Port Shane,2018-03-17 05:25:31,20.74,7228720146935,7,Suburban
Veronicaberg,2018-01-19 23:24:08,19.28,2351082274727,20,Suburban
North Timothy,2018-04-24 12:24:07,37.71,4499083218611,7,Suburban
North Timothy,2018-02-19 14:30:03,22.97,8115506711014,7,Suburban
North Timothy,2018-04-18 00:06:36,26.98,3678364339721,7,Suburban
North Timothy,2018-02-24 13:40:17,12.86,3764664570879,7,Suburban
North Timothy,2018-04-14 18:06:52,41.17,2438232081814,7,Suburban
North Timothy,2018-05-07 14:00:13,26.3,4905173644081,7,Suburban
North Timothy,2018-02-25 00:01:15,22.27,8604433947851,7,Suburban
North Timothy,2018-03-17 08:33:35,45.33,1758423447313,7,Suburban
Port Shane,2018-03-15 12:09:42,31.58,2552978514662,7,Suburban
North Timothy,2018-02-16 17:53:54,14.94,7964243719064,7,Suburban
Port Shane,2018-03-02 12:06:00,14.95,2803204948363,7,Suburban
South Brenda,2018-01-03 21:29:48,19.99,5348015913836,1,Suburban
South Brenda,2018-02-19 12:50:35,29.37,676014632508,1,Suburban
South Brenda,2018-01-10 00:17:24,47.52,3069086465155,1,Suburban
South Brenda,2018-01-19 00:13:41,44.36,6108194089857,1,Suburban
South Brenda,2018-04-21 03:08:39,17.8,3500924024641,1,Suburban
South Brenda,2018-04-28 04:21:34,27.86,5857212189710,1,Suburban
Sotoville,2018-03-13 16:06:10,14.36,8629533024103,10,Suburban
South Brenda,2018-01-16 03:08:59,20.27,3318227122465,1,Suburban
Sotoville,2018-01-21 10:21:39,34.06,569750468503,10,Suburban
Sotoville,2018-04-22 03:14:42,31.24,947485590155,10,Suburban
Sotoville,2018-03-28 19:16:00,34.03,3998847011136,10,Suburban
Sotoville,2018-01-01 02:07:24,24.07,7827431948090,10,Suburban
Sotoville,2018-04-23 20:31:04,34.87,99483095214,10,Suburban
Sotoville,2018-04-22 01:33:03,46.5,7088151468507,10,Suburban
Port Shane,2018-03-26 04:33:30,19.03,6010401984537,7,Suburban
Sotoville,2018-01-25 06:31:47,24.13,7372157726656,10,Suburban
Sotoville,2018-04-27 19:45:48,28.84,9913967882910,10,Suburban
South Brenda,2018-03-23 02:01:07,40.53,2619642444813,1,Suburban
Sotoville,2018-01-02 00:13:08,44.71,9903881959478,10,Suburban
South Brenda,2018-01-01 12:32:48,25.56,2613536554411,1,Suburban
Port Shane,2018-04-09 15:34:40,27.66,4022340141966,7,Suburban
Port Shane,2018-04-23 16:05:47,42.26,8341982666719,7,Suburban
South Brenda,2018-04-25 07:08:25,23.6,1784015692342,1,Suburban
South Brenda,2018-02-19 18:08:23,45.55,1089080777667,1,Suburban
South Brenda,2018-03-19 19:25:49,48.98,8685637991901,1,Suburban
South Brenda,2018-02-18 06:29:58,41.32,9773072633339,1,Suburban
South Brenda,2018-04-27 07:34:33,30.28,7027003974735,1,Suburban
South Brenda,2018-03-08 11:06:45,41.85,6400430703481,1,Suburban
South Brenda,2018-04-10 20:04:50,35.83,4342837925450,1,Suburban
South Brenda,2018-04-26 23:15:57,33.74,1472991161012,1,Suburban
South Brenda,2018-02-14 07:07:15,16.86,5976450384289,1,Suburban
South Brenda,2018-02-13 15:40:11,31.67,7824611259311,1,Suburban
South Brenda,2018-01-05 14:49:26,47.38,2885743568189,1,Suburban
South Brenda,2018-03-21 22:45:23,49.59,3892938867148,1,Suburban
South Brenda,2018-01-16 13:20:41,47.66,4357839290116,1,Suburban
South Brenda,2018-03-04 01:04:32,16.6,2241588692692,1,Suburban
South Brenda,2018-01-28 11:55:30,30.98,5997759060278,1,Suburban
